Campground Recycling Centre,Q54666929
Cowen Road Recycling Centre,Q54666929
Armthorpe Recycling Centre,Q16988947
Balby Recycling Centre,Q16988947
Carcroft Recycling Centre,Q16988947
Conisbrough Recycling Centre,Q16988947
Hatfield Recycling Centre,Q16988947
Rossington Recycling Centre,Q16988947
Kirkless Recycling Centre,Q7999507
Slag Lane Recycling Centre,Q7999507
Chanters Industrial Estate Recycling Centre,Q7999507
Town Centre Recycling Centre,Q179206
Newton-le-Willows Recycling Centre,Q179206
Rainhill Recycling Centre,Q179206
Blackpool Recycling Centre,Q16984489
South Sefton Recycling Centre,Q1546645
Sefton Meadows Recycling Centre,Q1546645
Southport Recycling Centre,Q1546645
Formby Recycling Centre,Q1546645
Huyton Recycling Centre,Q1228523
Kirkby Recycling Centre,Q1228523
Otterspool Recycling Centre,Q6658351
Old Swan Recycling Centre,Q6658351
Bidston Recycling Centre,Q11365639
Clatterbridge Recycling Centre,Q11365639
West Kirby Recycling Centre,Q11365639
Hazel Court Recycling Centre,Q17059453
Towthorpe/Strensall Recycling Centre,Q17059453
Glasshoughton Recycling Centre,Q7961061
South Kirkby Recycling Centre,Q7961061
Wakefield Recycling Centre,Q7961061
Emerald Street Recycling Centre,Q918975
Bent Ley Road Recycling Centre,Q918975
Bromley Farm Recycling Centre,Q918975
Weaving Lane Recycling Centre,Q918975
Nab Lane Recycling Centre,Q918975
Anchor Lane Recycling Centre,Q21885975
Shaw Road Lane Recycling Centre,Q21885975
Hortonwood Recycling Centre,Q17059334
Halesfield Recycling Centre,Q17059334
Longshot Lane Recycling Centre,Q896725
Smallmead Recycling Centre,Q21496716
Stafferton Way Recycling Centre,Q1368496
Kings Road Recycling Centre,Q40608
South Access Road Recycling Centre,Q40608
Gateway Road Recycling Centre,Q40608
Jenkins Lane Recycling Centre,Q208139
Tower Hamlets Recycling Centre,Q208152
Summers Lane Recycling Centre,Q151048
Regis Road Recycling Centre,Q202088
Barrowell Green Recycling Centre,Q210531
Western Road Recycling Centre,Q213560
Hornsey Street Recycling Centre,Q205817
Hornsey Street Recycling Centre,Q205817
Frizlands Lane Recycling Centre,Q205358
Gerpins Lane Recycling Centre,Q215038
Chigwell Road Recycling Centre,Q208955
Harefield Recycling Centre,Q205690
Acton Recycling Centre,Q207218
Greenford Recycling Centre,Q207218
